Название продукта;Часть B (Отвердитель);Мин. процент отвердителя;Макс. процент отвердителя;Разбавитель;Мин. процент разбавителя;Макс. процент разбавителя;Ускоритель;Мин. процент ускорителя;Макс. процент ускорителя
APL1 M;AC40;10;20;S50;30;40;-;0;0
APL1 UM;AC40;10;20;S50 / S80;30;40;-;0;0
APL20 M;AC40;10;20;S50 / S80;30;40;-;0;0
APL20 SM;AC40;10;20;S50 / S80;30;40;-;0;0
APL20 UM;AC40;20;20;S50;20;30;-;0;0
APL50 M;AC40;10;20;S50 / S80;30;40;-;0;0
APL50 M;AC41;10;20;S50 / S80;30;40;-;0;0
APL50 SM;AC40;10;20;S50 / S80;30;40;-;0;0
APL50 SM;AC41;10;20;S50 / S80;30;40;-;0;0
APL50 UM;AC40;10;20;S50 / S80;30;40;-;0;0
APL50 UM;AC41;10;20;S50 / S80;30;40;-;0;0
APL60181 M;AC40;40;40;S50;20;30;-;0;0
APL60181 SM;AC40;40;40;S50;20;30;-;0;0
APS20;AC40;20;20;S50;20;30;-;0;0
ATL1 M;AC40;10;20;S50 / S80;30;40;-;0;0
ATL1 UM;AC40;20;20;S50 / S80;30;40;-;0;0
ATL10 M;AC40;10;20;S50;20;30;-;0;0
ATL2;AC40;20;20;S50 / S80;20;30;-;0;0
ATL20 M;AC40;10;20;S50 / S80;30;40;-;0;0
ATL20 M;AC41;10;20;S50 / S80;30;40;-;0;0
ATL20 SG;AC40;10;20;S50 / S80;30;40;-;0;0
ATL20 SM;AC40;10;20;S50 / S80;30;40;-;0;0
ATL20 UM;AC40;10;20;S50 / S80;30;40;-;0;0
ATL200;AC200;50;70;S70 / S80;20;30;-;0;0
ATL20118;AC40;25;25;S50;30;30;-;0;0
ATL203;AC200;70;70;S70 / S80;10;20;-;0;0
ATL21115;-;0;0;S15;0;10;-;0;0
ATL21226;AC41;50;50;S80;0;10;-;0;0
ATL50 DM;AC40;10;20;S50;20;30;-;0;0
ATL50 G;AC40;10;20;S50 / S80;30;40;-;0;0
ATL50 M;AC40;10;20;S50 / S80;30;40;-;0;0
ATL50 SG;AC40;10;20;S50 / S80;30;40;-;0;0
ATL50 SM;AC40;10;20;S50 / S80;30;40;-;0;0
ATL50 UM;AC40;10;20;S50 / S80;30;40;-;0;0
ATL500;AC200;70;70;S70;20;30;-;0;0
ATL503;AC200;70;100;S70 / S80;0;20;-;0;0
ATL60004 G;AC40;40;40;S50;20;30;-;0;0
ATL60004 SM;AC40;40;40;S50;20;30;-;0;0
ATL60180 M;AC40;40;40;S50;20;30;-;0;0
ATL60180 SM;AC40;40;40;S50;20;30;-;0;0
ATL90 DM;AC41;10;20;S50 / S70 / S80;20;30;-;0;0
ATL90 DM;AC40;10;20;S50 / S70 / S80;20;30;-;0;0
ATL90 G;AC40;10;20;S70 / S80;20;30;-;0;0
ATL90 G;AC41;10;20;S70 / S80;20;30;-;0;0
ATL90 M;AC40;10;20;S50 / S70 / S80;20;30;-;0;0
ATL90 M;AC41;10;20;S50 / S70 / S80;20;30;-;0;0
ATL90 SG;AC40;10;20;S70 / S80;20;30;-;0;0
ATL90 SG;AC41;10;20;S70 / S80;20;30;-;0;0
ATL90 SM;AC40;10;20;S70 / S80;20;30;-;0;0
ATL90 SM;AC41;10;20;S70 / S80;20;30;-;0;0
ATL90 UM;AC40;10;20;S50 / S70 / S80;20;30;-;0;0
ATL90 UM;AC41;10;20;S50 / S70 / S80;20;30;-;0;0
ATS20;AC40;20;20;S30 / S50 / S80;30;40;-;0;0
ATS60003;AC40;40;40;S50;20;30;-;0;0
EPS20;EC1;2;2;S10 / S30;10;15;EA1;2;2
EPS20;EC2;2;2;S10 / S30;10;15;EA1;2;2
EPS22;EC1;2;2;S10 / S11;10;15;EA1;2;2
EPS22;EC2;2;2;S10 / S11;10;15;EA1;2;2
ETL200;EC1;2;2;S10 / S11 / S31 / S50;10;15;EA1;2;2
ETL200;EC2;2;2;S10 / S11 / S31 / S50;10;15;EA1;2;2
ETS20;EC1;2;2;S10 / S11;10;15;EA1;2;2
ETS20;EC2;2;2;S10 / S11;10;15;EA1;2;2
HPL1 M;-;0;0;Вода;0;10;-;0;0
HPL1 UM;-;0;0;Вода;0;10;-;0;0
HPL20 SM;-;0;0;Вода;0;10;-;0;0
HPL60 SM;-;0;0;Вода;0;10;-;0;0
HPS10;-;0;0;Вода;0;10;-;0;0
HPS20;-;0;0;Вода;0;10;-;0;0
HPS50;-;0;0;Вода;0;10;-;0;0
HTL1 M;-;0;0;Вода;0;10;-;0;0
HTL1 UM;-;0;0;Вода;0;10;-;0;0
HTL20 G;-;0;0;Вода;0;10;-;0;0
HTL20 SM;-;0;0;Вода;0;10;-;0;0
HTL20030;-;0;0;Вода;0;10;-;0;0
HTL60 SM;-;0;0;Вода;0;10;-;0;0
HTL61 SM;-;0;0;Вода;0;10;-;0;0
HTL90020;-;0;0;Вода;10;10;-;0;0
HTS30;-;0;0;-;0;0;-;0;0
NTL20 SM;-;0;0;S12;25;40;-;0;0
NTS10;-;0;0;S12;25;40;-;0;0
OTL10;-;0;0;-;0;0;-;0;0
OTL20;-;0;0;-;0;0;-;0;0
OTL40;-;0;0;-;0;0;-;0;0
OTL60;-;0;0;-;0;0;-;0;0
OTL60;-;0;0;-;0;0;-;0;0
OTL60;-;0;0;-;0;0;-;0;0
OTL60;-;0;0;-;0;0;-;0;0
OTL60;-;0;0;-;0;0;-;0;0
OTL60;-;0;0;-;0;0;-;0;0
OTL60;-;0;0;-;0;0;-;0;0
OTL60;-;0;0;-;0;0;-;0;0
OTL60;-;0;0;-;0;0;-;0;0
OTL60;-;0;0;-;0;0;-;0;0
OTL60;-;0;0;-;0;0;-;0;0
OTL60;-;0;0;-;0;0;-;0;0
OTL90;-;0;0;-;0;0;-;0;0
OTL90;-;0;0;-;0;0;-;0;0
PPL01;PC60;50;50;S50;20;30;-;0;0
PPL01;PC20;50;50;S50;20;30;-;0;0
PPL1 M;PC60;50;50;S50;20;30;-;0;0
PPL10 M;PC60;40;40;S50;20;30;-;0;0
PPL100;PC210;70;70;S80;20;40;-;0;0
PPL100;AC200;70;70;S80;20;40;-;0;0
PPL10022;PC60;40;40;S50;20;30;-;0;0
PPL20 DM;PC60;40;40;S50;20;30;-;0;0
PPL20 G;PC60;50;50;S50 / S70;20;30;-;0;0
PPL20 M;PC60;50;50;S50;20;30;-;0;0
PPL20 SM;PC60;50;50;S50;20;30;-;0;0
PPL20 UM;PC60;50;50;S50;20;30;-;0;0
PPL200;AC200;70;70;S70;20;30;-;0;0
PPL30 DM;-;0;0;-;0;0;-;0;0
PPL50 G;PC60;50;50;S70;20;30;-;0;0
PPL50 M;PC60;50;50;S50;20;30;-;0;0
PPL50 SG;PC60;50;50;S50;20;30;-;0;0
PPL50 SM;PC60;50;50;S50;20;30;-;0;0
PPL500;AC200;70;70;S70;20;30;-;0;0
PPS10;PC10;40;40;S50;10;20;-;0;0
PPS10;PC20;30;30;S50;10;20;-;0;0
PPS20;PC20;50;50;S50;10;20;-;0;0
PPS40;PC20042;20;20;S50;20;30;-;0;0
PPS40;PC20;25;25;S50;20;30;-;0;0
PPS40042;C20051;15;20;S50;20;30;-;0;0
PPS40042;PC20;40;40;S50;20;30;-;0;0
PPS40043;C20051;15;20;S50;20;30;-;0;0
PPS40043;PC20;40;40;S50;20;30;-;0;0
PPS40045;C20051;15;20;S50;20;30;-;0;0
PPS40045;PC20;40;40;S50;20;30;-;0;0
PPS40074;C20051;15;20;S50 / S1000;20;40;-;0;0
PPS40091;PC20;25;25;S50;30;50;-;0;0
PPS40720;C20051;20;20;S1000;10;30;-;0;0
PPS40720;PC90;25;25;S1000;10;30;-;0;0
PPS50;PC20;50;50;S50;20;30;-;0;0
PPS50;PC60;50;50;S50;20;30;-;0;0
PPS50277;PC20;30;30;S50;10;20;-;0;0
PTL01;PC20;50;50;S50;20;30;-;0;0
PTL1 DM;PC25;40;50;S50;20;30;-;0;0
PTL1 DM;PC60;40;50;S50;20;30;-;0;0
PTL1 M;PC25;50;50;S50;25;30;-;0;0
PTL1 M;PC20;50;50;S50;25;30;-;0;0
PTL1 M;PC60;50;50;S50;25;30;-;0;0
PTL1 UM;PC25;40;50;S50;25;30;-;0;0
PTL1 UM;PC60;40;50;S50;25;30;-;0;0
PTL10 G;PC20;40;40;S50;20;30;-;0;0
PTL10 M;PC20;40;40;S50;20;30;-;0;0
PTL10 SG;PC20;40;40;S50;20;30;-;0;0
PTL10 SM;PC20;40;40;S50;20;30;-;0;0
PTL10 UM;PC20;40;40;S50;20;30;-;0;0
PTL100;PC210;70;100;S70 / S80;20;40;-;0;0
PTL100;AC200;70;100;S70 / S80;20;40;-;0;0
PTL20 DM;PC20;50;50;S50;25;30;-;0;0
PTL20 M;PC20;50;50;S50;25;30;-;0;0
PTL20 M;PC25;50;50;S50;25;30;-;0;0
PTL20 M;PC60;50;50;S50;25;30;-;0;0
PTL20 SM;PC20;50;50;S50;25;30;-;0;0
PTL20 SM;PC25;50;50;S50;25;30;-;0;0
PTL20 SM;PC60;50;50;S50;25;30;-;0;0
PTL20 UM;PC20;50;50;S50;25;30;-;0;0
PTL200 A;AC200;70;70;S70 / S80;20;30;-;0;0
PTL200;AC200;100;100;S70 / S80;20;30;-;0;0
PTL202;PC72;70;100;S70;10;20;-;0;0
PTL207;PC72;70;100;S70;10;20;-;0;0
PTL30 DM;-;0;0;-;0;0;-;0;0
PTL50 G;PC20;50;50;S50 / S70 / S80;25;30;-;0;0
PTL50 M;PC20;50;50;S50 / S70 / S80;25;30;-;0;0
PTL50 SG;PC20;50;50;S50 / S70 / S80;25;30;-;0;0
PTL50 SM;PC20;50;50;S50 / S70 / S80;25;30;-;0;0
PTL50 UM;PC25;50;50;S50;25;30;-;0;0
PTL500;PC72;60;60;S70;20;30;-;0;0
PTL500;AC200;60;60;S70;20;30;-;0;0
PTL50090;PC25;50;50;S80 / S70;25;30;-;0;0
PTL60 SM;PC60;50;50;S80;30;40;-;0;0
PTL80 M;PC10;50;50;S50;20;30;-;0;0
PTL80 UM;PC10;50;50;S50;20;30;-;0;0
PTL90 SM;PC90;50;50;S50 / S70 / S80;20;30;-;0;0
PTL90 UM;PC90;50;50;S50 / S70 / S80;20;30;-;0;0
PTS01;PC20;50;50;S50;20;30;-;0;0
PTS10;PC20;40;40;S50;20;30;-;0;0
PTS20 B;PC25;50;50;S50;20;30;-;0;0
PTS20;PC20;50;50;S50;20;30;-;0;0
PTS20;PC25;50;50;S50;20;30;-;0;0
PTS20700;PC20;50;50;S50;20;30;-;0;0
PTS20700;PC72;30;30;S50;20;30;-;0;0
PTS20701;PC20;30;30;S50;40;53;-;0;0
PTS21812;PC20;40;40;S50;10;25;-;0;0
PTS21812;PC72;30;30;S50;10;25;-;0;0
PTS50 A;PC20;50;50;S50;30;35;-;0;0
PTS50;PC20;50;50;S50;20;25;-;0;0
PTS50;PC25;50;50;S50;20;25;-;0;0
PTS52;PC20;50;50;S50 / S70;20;25;-;0;0
PTS52;PC25;50;50;S50 / S70;20;25;-;0;0
PTS60;PC25;50;50;S50;20;25;-;0;0
PTS60;PC20;50;50;S50;20;25;-;0;0
PTS71;PC72;50;50;S50;20;25;-;0;0
PTS72;PC72;50;50;S50;20;25;-;0;0
PTS73;PC73;30;50;S11 / S10 / S80;20;100;-;0;0
PTS90;PC90;50;50;S50 / S70 / S80;20;30;-;0;0
VPL2 A;-;0;0;S30;20;30;-;0;0
VPL2;-;0;0;S30;20;30;-;0;0
VPL20010;-;0;0;-;0;0;-;0;0
VPL20040;-;0;0;-;0;0;-;0;0
VPL30010;-;0;0;S30;30;35;-;0;0
VPL30015;-;0;0;S30 / S31;20;30;-;0;0
VPL30046;-;0;0;S30;20;30;-;0;0
VPL30100;-;0;0;S31;20;30;-;0;0
VPS20019;-;0;0;-;0;0;-;0;0
VPS20028;-;0;0;-;0;0;-;0;0
VPS60;-;0;0;S30;20;30;-;0;0
VPS60009;-;0;0;S30;25;30;-;0;0
VPS60051;-;0;0;S30;20;30;-;0;0
VTL10001;-;0;0;-;0;0;-;0;0
VTL20003;-;0;0;-;0;0;-;0;0
VTL20010;-;0;0;-;0;0;-;0;0
VTL20040;-;0;0;-;0;0;-;0;0
VTL20091;-;0;0;-;0;0;-;0;0
VTL20099;-;0;0;-;0;0;-;0;0
VTL27305;-;0;0;-;0;0;-;0;0
VTL27328;-;0;0;-;0;0;-;0;0
VTL27475;-;0;0;-;0;0;-;0;0
VTL30010;-;0;0;S30;20;30;-;0;0
VTL30091;AC40;0;10;S30;20;30;-;0;0
VTL30096;AC40;0;10;S30;20;30;-;0;0
VTL60093;-;0;0;S14 / S31;14;20;-;0;0
VTS20001;-;0;0;-;0;0;-;0;0
VTS20002;-;0;0;-;0;0;-;0;0
VTS20014;-;0;0;-;0;0;-;0;0
VTS20029;-;0;0;-;0;0;-;0;0
VTS20600;-;0;0;-;0;0;-;0;0
VTS30006;-;0;0;S30;20;30;-;0;0
VTS40041;-;0;0;-;0;0;-;0;0
VTS60019;-;0;0;S30;20;30;-;0;0
